	cologne1				cologne3				cologne8			
	delay	trip time	wait	queue	delay	trip time	wait	queue	delay	trip time	wait	queue
FT	107.07 (3.27)	101.30 (1.59)	53.70 (1.26)	41.64 (0.93)	142.77 (51.84)	150.70 (39.48)	88.75 (42.37)	7.65 (0.94)	140.38 (8.11)	202.29 (8.13)	84.85 (5.63)	7.90 (0.36)
MAXPRESS	1427.65 (1.67)	370.17 (0.05)	362.17 (0.05)	110.05 (0.04)	230.36 (203.82)	196.81 (118.29)	152.70 (124.48)	18.98 (12.53)				
SOTL	119.47 (3.30)	111.99 (1.43)	67.82 (1.23)	47.51 (0.85)	86.95 (65.13)	104.22 (24.78)	51.67 (27.21)	9.75 (0.91)	89.88 (7.25)	155.48 (7.02)	62.98 (5.66)	5.59 (0.44)
IQL	26.86 (0.71)	48.57 (0.68)	12.41 (0.51)	11.36 (0.33) 	45.29 (42.20)	75.29 (29.78)	25.58 (31.74)	3.79 (2.29)	24.47 (0.50)	89.06 (0.55)	8.01 (0.34)	1.10 (0.04)
IDQN	25.97 (0.91)	47.15 (0.74)	11.49 (0.55)	10.51 (0.38)	36.56 (20.98)	69.01 (16.50)	18.14 (17.62)	3.25 (1.17)	24.11 (0.33)	88.71 (0.39	7.65 (0.23)	1.07 (0.03)
IPPO	63.06 (6.63)	75.92 (3.98)	33.72 (3.23)	25.24 (1.67)	54.13 (31.35)	85.29 (24.43)	33.54 (26.12)	5.35 (1.75)	39.90 (1.38)	104.72 (1.43)	19.50 (0.93)	2.27 (0.09)
VDN	25.14 (0.79)	47.09 (0.77)	11.43 (0.59)	9.99 (0.37)	64.77 (88.69)	84.20 (46.44)	35.03 (49.66)	3.96 (2.55)	27.17 (0.57)	91.84 (0.65)	10.34 (0.39)	1.31 (0.04)
MAPPO	28.42 (0.83)	50.20 (0.80)	14.40 (0.66)	11.12 (0.39)	57.51 (61.04)	84.07 (34.40)	33.99 (36.58)	4.32 (2.51)	29.69 (0.54)	94.54 (0.64)	13.66 (0.48)	1.42 (0.04)
FMA2C	25.78 (1.21)	47.58 (1.11)	12.35 (0.83)	10.36 (0.58)	97.24 (161.97)	101.03 (73.85)	52.67 (79.49)	5.73 (4.84)	40.72 (3.90)	104.72 (3.04)	18.45 (1.62)	2.23 (0.18)
MPLight	185.86 (29.50)	140.30 (14.56)	82.00 (10.32)	60.37 (6.56)	163.57 (66.84)	161.61 (44.26)	103.27 (46.98)	16.91 (3.48)				
CoSLight												
DuaLight	25.25 (0.95)	46.72 (0.86)	11.34 (0.63)	9.96 (0.43)	33.89 (20.90)	67.42 (16.53)	16.90 (17.67)	3.17 (1.34)	25.64 (0.48)	90.26 (0.48)	9.22 (0.35)	1.17 (0.04)
PressLight	33.32 (1.71)	54.90 (1.59)	18.45 (1.40)	12.33 (0.61)	34.06 (23.17)	66.26 (13.87)	16.66 (14.81)	2.80 (0.87)	27.60 (0.86)	92.57 (0.96)	11.59 (0.66)	1.27 (0.06)
HiLight												
SHLight												
proposed									43.98 (4.04)	107.43 (2.87)	20.04 (1.38)	2.41 (0.17)
proposed + gnn									42.85 (4.61)	159.88 (68.93)	19.81 (1.55)	2.37 (0.19)
mappo									29.79 (0.98)	61.66 (32.72)	14.18 (0.92)	1.44 (0.07)
mappo_proposed									86.00 (12.12)	151.12 (26.23)	62.06 (7.48)	4.89 (0.50)
vdn									27.67 (0.55)	59.54 (32.86)	10.60 (0.38)	1.35 (0.04)
vdn_proposed									73.96 (19.99)	173.39 (39.02)	53.68 (12.10)	4.50 (0.83)
												
	ingolstadt1				ingolstadt7				ingolstadt21			
	delay	trip time	wait	queue	delay	trip time	wait	queue	delay	trip time	wait	queue
FT	31.16 (1.58)	49.28 (1.32)	12.59 (0.92)	6.66 (0.43)	123.51 (49.61)	107.33 (2.07)	37.33 (3.42)	6.25 (0.33)	190.41 (13.54)	305.05 (3.68)	102.44 (2.36)	5.46 (0.16)
MAXPRESS	20.15 (0.95)	39.21 (0.81)	6.81 (0.56)	3.37 (0.18)	96.96 (59.16)	93.77 (6.87)	31.22 (7.84)	4.09 (0.50)	500.20 (150.97)	590.32 (118.05)	416.21 (134.29)	7.91 (1.43)
SOTL	421.68 (55.46)	92.50 (1.83)	69.73 (2.75)	3.81 (0.51)	337.65 (79.74)	152.74 (11.58)	97.28 (13.54)	6.22 (0.43)	702.57 (125.66)	728.62 (80.43)	569.47 (93.03)	10.06 (1.26)
IQL	 17.34 (0.62)	36.52 (0.46)	 5.21 (0.30)	2.35 (0.09)	90.87 (109.89)	92.49 (32.51)	32.51 (36.90)	3.73 (2.71)	279.45 (180.02)	361.87 (129.03)	191.56 (137.39)	4.58 (1.69)
IDQN	17.41 (0.85)	36.57 (0.68)	5.36 (0.40)	2.07 (0.08)	75.13 (91.37) 	82.19 (22.37)	23.06 (24.69)	2.92 (1.63) 	218.53 (145.34)	327.51 (117.64)	152.69 (122.49)	4.06 (1.94)
IPPO	34.64 (8.87)	50.41 (5.32)	16.08 (4.36)	4.20 (0.38)	103.11 (45.78)	104.93 (4.40)	39.15 (4.44)	5.30 (0.50) 	245.77 (126.09)	346.95 (86.51)	161.79 (92.94)	5.58 (1.53)
VDN	19.52 (1.05)	38.62 (0.89)	6.86 (0.59)	2.53 (0.10)	62.59 (28.18)	87.74 (2.16)	23.98 (2.84)	3.49 (0.34)				
MAPPO	20.55 (1.25)	39.47 (0.95)	7.45 (0.66)	2.67 (0.10)	56.95 (15.58)	91.01 (1.83)	27.18 (2.08)	3.69 (0.22)				
FMA2C	22.74 (3.07)	41.39 (2.38)	8.88 (1.81)	3.44 (0.32)	150.56 (53.45)	108.75 (4.66)	44.62 (3.94)	5.27 (0.25)	276.53 (148.94)	366.96 (109.52)	186.16 (113.00)	5.42 (1.76)
MPLight	43.51 (8.03)	58.37 (5.01)	22.02 (3.94)	8.46 (0.96)	156.26 (50.01)	133.52 (8.71)	63.04 (7.42)	8.03 (0.53)	290.40 (70.00)	373.76 (55.95)	178.81 (57.74)	7.29 (0.79)
CoSLight												
DuaLight	19.35 (1.27)	38.22 (0.95)	6.46 (0.65)	2.13 (0.09)	91.92 (21.68)	93.04 (3.61)	28.77 (3.71)	3.62 (0.47)				
PressLight												
HiLight												
SHLight												
proposed					178.64 (63.50)	132.02 (10.46)	66.90 (10.48)	5.58 (0.53)	245.08 (107.36)	353.58 (84.95)	163.03 (84.69)	5.62 (1.36)
proposed + gnn					140.40 (71.41)	68.79 (49.76)	50.69 (16.36)	5.77 (1.32)				
mappo					477.02 (83.09)	160.10 (75.83)	171.67 (43.15)	7.63 (1.61)				
mappo_proposed					451.30 (58.22)	169.90 (54.64)	154.66 (30.87)	7.44 (1.32)				
vdn					80.68 (16.48)	52.19 (35.89)	24.63 (1.80)	3.26 (0.19)				
vdn_proposed					253.81 (55.78)	74.28 (45.65)	58.19 (4.28)	4.91 (0.41)				