"train/episode_index","cologne1__sac_builtin__011224 - train/resco_delay_mean","cologne1__sac_builtin__011224 - train/resco_delay_mean__MIN","cologne1__sac_builtin__011224 - train/resco_delay_mean__MAX","cologne1__sac_builtin__011224 - _step","cologne1__sac_builtin__011224 - _step__MIN","cologne1__sac_builtin__011224 - _step__MAX","cologne1__frap__045507 - train/resco_delay_mean","cologne1__frap__045507 - train/resco_delay_mean__MIN","cologne1__frap__045507 - train/resco_delay_mean__MAX","cologne1__frap__045507 - _step","cologne1__frap__045507 - _step__MIN","cologne1__frap__045507 - _step__MAX","cologne1__colight__045507 - train/resco_delay_mean","cologne1__colight__045507 - train/resco_delay_mean__MIN","cologne1__colight__045507 - train/resco_delay_mean__MAX","cologne1__colight__045507 - _step","cologne1__colight__045507 - _step__MIN","cologne1__colight__045507 - _step__MAX","cologne1__ppo__013258 - train/resco_delay_mean","cologne1__ppo__013258 - train/resco_delay_mean__MIN","cologne1__ppo__013258 - train/resco_delay_mean__MAX","cologne1__ppo__013258 - _step","cologne1__ppo__013258 - _step__MIN","cologne1__ppo__013258 - _step__MAX","cologne1__dqn__013136 - train/resco_delay_mean","cologne1__dqn__013136 - train/resco_delay_mean__MIN","cologne1__dqn__013136 - train/resco_delay_mean__MAX","cologne1__dqn__013136 - _step","cologne1__dqn__013136 - _step__MIN","cologne1__dqn__013136 - _step__MAX"
"2","136.578570719603","136.578570719603","136.578570719603","1","1","1","977.8511166253102","977.8511166253102","977.8511166253102","1","1","1","155.15787096774193","155.15787096774193","155.15787096774193","1","1","1","269.1667543424318","269.1667543424318","269.1667543424318","1","1","1","183.72573697270474","183.72573697270474","183.72573697270474","1","1","1"
"3","84.09033250620348","84.09033250620348","84.09033250620348","2","2","2","1102.0462382133994","1102.0462382133994","1102.0462382133994","2","2","2","90.84702729528536","90.84702729528536","90.84702729528536","2","2","2","184.04370719602974","184.04370719602974","184.04370719602974","2","2","2","148.29105210918115","148.29105210918115","148.29105210918115","2","2","2"
"4","29.38439205955335","29.38439205955335","29.38439205955335","3","3","3","422.093459057072","422.093459057072","422.093459057072","3","3","3","58.45493300248139","58.45493300248139","58.45493300248139","3","3","3","146.79017866004963","146.79017866004963","146.79017866004963","3","3","3","90.89023325062035","90.89023325062035","90.89023325062035","3","3","3"
"5","37.55555831265509","37.55555831265509","37.55555831265509","4","4","4","339.8495086848635","339.8495086848635","339.8495086848635","4","4","4","97.26429280397022","97.26429280397022","97.26429280397022","4","4","4","83.70704218362283","83.70704218362283","83.70704218362283","4","4","4","90.72192555831265","90.72192555831265","90.72192555831265","4","4","4"
"6","42.26788585607941","42.26788585607941","42.26788585607941","7","7","7","53.63475930521091","53.63475930521091","53.63475930521091","7","7","7","78.46581141439205","78.46581141439205","78.46581141439205","7","7","7","61.68104714640199","61.68104714640199","61.68104714640199","7","7","7","65.8461488833747","65.8461488833747","65.8461488833747","7","7","7"
"7","42.39217369727047","42.39217369727047","42.39217369727047","8","8","8","72.17092803970223","72.17092803970223","72.17092803970223","8","8","8","75.07670967741934","75.07670967741934","75.07670967741934","8","8","8","58.273811414392064","58.273811414392064","58.273811414392064","8","8","8","59.172109181141444","59.172109181141444","59.172109181141444","8","8","8"
"8","43.975091811414394","43.975091811414394","43.975091811414394","9","9","9","71.2598511166253","71.2598511166253","71.2598511166253","9","9","9","1395.8704962779154","1395.8704962779154","1395.8704962779154","9","9","9","42.614878411910674","42.614878411910674","42.614878411910674","9","9","9","53.47719106699752","53.47719106699752","53.47719106699752","9","9","9"
"9","52.371156327543424","52.371156327543424","52.371156327543424","10","10","10","74.1677270471464","74.1677270471464","74.1677270471464","10","10","10","45.32760297766749","45.32760297766749","45.32760297766749","10","10","10","43.12261042183623","43.12261042183623","43.12261042183623","10","10","10","54.92306203473945","54.92306203473945","54.92306203473945","10","10","10"
"10","32.93799007444168","32.93799007444168","32.93799007444168","11","11","11","49.988292803970225","49.988292803970225","49.988292803970225","11","11","11","40.92515632754343","40.92515632754343","40.92515632754343","11","11","11","39.0020794044665","39.0020794044665","39.0020794044665","11","11","11","70.6632158808933","70.6632158808933","70.6632158808933","11","11","11"
"11","30.665955334987594","30.665955334987594","30.665955334987594","14","14","14","55.14262034739454","55.14262034739454","55.14262034739454","14","14","14","36.17691315136477","36.17691315136477","36.17691315136477","14","14","14","39.44776674937965","39.44776674937965","39.44776674937965","14","14","14","53.525831265508685","53.525831265508685","53.525831265508685","14","14","14"
"12","27.82146898263027","27.82146898263027","27.82146898263027","15","15","15","62.834054590570716","62.834054590570716","62.834054590570716","15","15","15","29.48229776674938","29.48229776674938","29.48229776674938","15","15","15","31.683409429280392","31.683409429280392","31.683409429280392","15","15","15","52.48199007444169","52.48199007444169","52.48199007444169","15","15","15"
"13","32.38567741935485","32.38567741935485","32.38567741935485","16","16","16","48.167310173697274","48.167310173697274","48.167310173697274","16","16","16","40.170957816377175","40.170957816377175","40.170957816377175","16","16","16","33.5439652605459","33.5439652605459","33.5439652605459","16","16","16","44.31785111662531","44.31785111662531","44.31785111662531","16","16","16"
"14","27.646133995037218","27.646133995037218","27.646133995037218","17","17","17","53.82609925558312","53.82609925558312","53.82609925558312","17","17","17","30.08550372208437","30.08550372208437","30.08550372208437","17","17","17","33.096595533498764","33.096595533498764","33.096595533498764","17","17","17","47.99579156327543","47.99579156327543","47.99579156327543","17","17","17"
"15","31.33247146401985","31.33247146401985","31.33247146401985","18","18","18","46.544535980148886","46.544535980148886","46.544535980148886","18","18","18","37.0151712158809","37.0151712158809","37.0151712158809","18","18","18","28.90081389578164","28.90081389578164","28.90081389578164","18","18","18","37.83512158808932","37.83512158808932","37.83512158808932","18","18","18"
"16","28.249464019851114","28.249464019851114","28.249464019851114","21","21","21","50.715662531017365","50.715662531017365","50.715662531017365","21","21","21","26.772665012406947","26.772665012406947","26.772665012406947","21","21","21","28.477225806451614","28.477225806451614","28.477225806451614","21","21","21","37.24611910669975","37.24611910669975","37.24611910669975","21","21","21"
"17","27.481339950372206","27.481339950372206","27.481339950372206","22","22","22","39.64909677419355","39.64909677419355","39.64909677419355","22","22","22","26.42090322580645","26.42090322580645","26.42090322580645","22","22","22","29.35467493796526","29.35467493796526","29.35467493796526","22","22","22","40.38842679900744","40.38842679900744","40.38842679900744","22","22","22"
"18","57.987434243176175","57.987434243176175","57.987434243176175","23","23","23","42.601667493796526","42.601667493796526","42.601667493796526","23","23","23","24.989816377171213","24.989816377171213","24.989816377171213","23","23","23","29.16542928039702","29.16542928039702","29.16542928039702","23","23","23","46.54224813895781","46.54224813895781","46.54224813895781","23","23","23"
"19","67.12849131513647","67.12849131513647","67.12849131513647","24","24","24","72.9159652605459","72.9159652605459","72.9159652605459","24","24","24","24.59006947890819","24.59006947890819","24.59006947890819","24","24","24","30.16136972704715","30.16136972704715","30.16136972704715","24","24","24","69.41582630272954","69.41582630272954","69.41582630272954","24","24","24"
"20","73.05398014888337","73.05398014888337","73.05398014888337","25","25","25","50.57475434243177","50.57475434243177","50.57475434243177","25","25","25","24.493717121588087","24.493717121588087","24.493717121588087","25","25","25","29.065424317617868","29.065424317617868","29.065424317617868","25","25","25","64.97026302729529","64.97026302729529","64.97026302729529","25","25","25"
"21","65.87268982630273","65.87268982630273","65.87268982630273","28","28","28","33.35861042183623","33.35861042183623","33.35861042183623","28","28","28","26.757037220843667","26.757037220843667","26.757037220843667","28","28","28","29.325305210918113","29.325305210918113","29.325305210918113","28","28","28","40.59596029776675","40.59596029776675","40.59596029776675","28","28","28"
"22","71.92733498759306","71.92733498759306","71.92733498759306","29","29","29","42.91919106699752","42.91919106699752","42.91919106699752","29","29","29","25.601518610421834","25.601518610421834","25.601518610421834","29","29","29","31.100873449131512","31.100873449131512","31.100873449131512","29","29","29","60.49241687344914","60.49241687344914","60.49241687344914","29","29","29"
"23","60.46496774193549","60.46496774193549","60.46496774193549","30","30","30","40.72399007444169","40.72399007444169","40.72399007444169","30","30","30","25.530213399503726","25.530213399503726","25.530213399503726","30","30","30","26.37501240694789","26.37501240694789","26.37501240694789","30","30","30","63.69149875930521","63.69149875930521","63.69149875930521","30","30","30"
"24","101.42290322580646","101.42290322580646","101.42290322580646","31","31","31","49.40229280397022","49.40229280397022","49.40229280397022","31","31","31","26.15467493796526","26.15467493796526","26.15467493796526","31","31","31","28.017910669975183","28.017910669975183","28.017910669975183","31","31","31","53.37584615384615","53.37584615384615","53.37584615384615","31","31","31"
"25","58.079900744416875","58.079900744416875","58.079900744416875","32","32","32","39.00403473945409","39.00403473945409","39.00403473945409","32","32","32","24.69542928039702","24.69542928039702","24.69542928039702","32","32","32","28.244287841191067","28.244287841191067","28.244287841191067","32","32","32","60.483816377171216","60.483816377171216","60.483816377171216","32","32","32"
"26","43.491895781637716","43.491895781637716","43.491895781637716","35","35","35","42.2998064516129","42.2998064516129","42.2998064516129","35","35","35","26.080451612903225","26.080451612903225","26.080451612903225","35","35","35","29.25718114143921","29.25718114143921","29.25718114143921","35","35","35","62.73788089330024","62.73788089330024","62.73788089330024","35","35","35"
"27","37.76543920595534","37.76543920595534","37.76543920595534","36","36","36","44.363895781637716","44.363895781637716","44.363895781637716","36","36","36","25.969975186104218","25.969975186104218","25.969975186104218","36","36","36","26.48328039702233","26.48328039702233","26.48328039702233","36","36","36","85.6821240694789","85.6821240694789","85.6821240694789","36","36","36"
"28","37.72095781637717","37.72095781637717","37.72095781637717","37","37","37","52.787230769230774","52.787230769230774","52.787230769230774","37","37","37","31.93481389578164","31.93481389578164","31.93481389578164","37","37","37","25.39423325062035","25.39423325062035","25.39423325062035","37","37","37","56.638069478908186","56.638069478908186","56.638069478908186","37","37","37"
"29","37.599930521091814","37.599930521091814","37.599930521091814","38","38","38","43.30888337468982","43.30888337468982","43.30888337468982","38","38","38","25.75083374689826","25.75083374689826","25.75083374689826","38","38","38","25.513568238213402","25.513568238213402","25.513568238213402","38","38","38","56.96536476426799","56.96536476426799","56.96536476426799","38","38","38"
"30","36.31813895781638","36.31813895781638","36.31813895781638","39","39","39","46.63793548387097","46.63793548387097","46.63793548387097","39","39","39","27.196029776674937","27.196029776674937","27.196029776674937","39","39","39","26.27143424317618","26.27143424317618","26.27143424317618","39","39","39","47.658908188585606","47.658908188585606","47.658908188585606","39","39","39"
"31","35.4328287841191","35.4328287841191","35.4328287841191","42","42","42","33.11527543424317","33.11527543424317","33.11527543424317","42","42","42","34.13120099255583","34.13120099255583","34.13120099255583","42","42","42","25.75597022332506","25.75597022332506","25.75597022332506","42","42","42","61.13454094292804","61.13454094292804","61.13454094292804","42","42","42"
"32","33.74281389578164","33.74281389578164","33.74281389578164","43","43","43","56.26724069478908","56.26724069478908","56.26724069478908","43","43","43","35.885161290322586","35.885161290322586","35.885161290322586","43","43","43","25.258357320099254","25.258357320099254","25.258357320099254","43","43","43","49.25133002481389","49.25133002481389","49.25133002481389","43","43","43"
"33","33.457523573200994","33.457523573200994","33.457523573200994","44","44","44","45.86311166253102","45.86311166253102","45.86311166253102","44","44","44","25.62224317617866","25.62224317617866","25.62224317617866","44","44","44","25.70141935483871","25.70141935483871","25.70141935483871","44","44","44","82.10946401985112","82.10946401985112","82.10946401985112","44","44","44"
"34","31.145548387096774","31.145548387096774","31.145548387096774","45","45","45","37.14871464019851","37.14871464019851","37.14871464019851","45","45","45","28.263751861042184","28.263751861042184","28.263751861042184","45","45","45","26.33706203473945","26.33706203473945","26.33706203473945","45","45","45","48.846228287841186","48.846228287841186","48.846228287841186","45","45","45"
"35","28.022357320099257","28.022357320099257","28.022357320099257","46","46","46","36.01216377171216","36.01216377171216","36.01216377171216","46","46","46","26.190317617866004","26.190317617866004","26.190317617866004","46","46","46","26.2387047146402","26.2387047146402","26.2387047146402","46","46","46","48.36001488833747","48.36001488833747","48.36001488833747","46","46","46"
"36","27.473220843672458","27.473220843672458","27.473220843672458","49","49","49","37.03781637717121","37.03781637717121","37.03781637717121","49","49","49","26.264590570719605","26.264590570719605","26.264590570719605","49","49","49","26.580099255583132","26.580099255583132","26.580099255583132","49","49","49","70.37705210918115","70.37705210918115","70.37705210918115","49","49","49"
"37","26.303339950372205","26.303339950372205","26.303339950372205","50","50","50","56.5703523573201","56.5703523573201","56.5703523573201","50","50","50","25.235861042183622","25.235861042183622","25.235861042183622","50","50","50","25.670962779156326","25.670962779156326","25.670962779156326","50","50","50","49.58015384615384","49.58015384615384","49.58015384615384","50","50","50"
"38","28.429563275434248","28.429563275434248","28.429563275434248","51","51","51","45.62225310173697","45.62225310173697","45.62225310173697","51","51","51","23.68660545905707","23.68660545905707","23.68660545905707","51","51","51","67.83485359801487","67.83485359801487","67.83485359801487","51","51","51","52.27618858560794","52.27618858560794","52.27618858560794","51","51","51"
"39","26.975478908188585","26.975478908188585","26.975478908188585","52","52","52","52.7048287841191","52.7048287841191","52.7048287841191","52","52","52","27.781171215880892","27.781171215880892","27.781171215880892","52","52","52","25.403300248138958","25.403300248138958","25.403300248138958","52","52","52","52.79125062034739","52.79125062034739","52.79125062034739","52","52","52"
"40","27.486292803970223","27.486292803970223","27.486292803970223","53","53","53","38.20346898263028","38.20346898263028","38.20346898263028","53","53","53","24.98569230769231","24.98569230769231","24.98569230769231","53","53","53","27.251498759305214","27.251498759305214","27.251498759305214","53","53","53","44.69902729528536","44.69902729528536","44.69902729528536","53","53","53"
"41","68.76250124069479","68.76250124069479","68.76250124069479","56","56","56","85.99154838709676","85.99154838709676","85.99154838709676","56","56","56","25.229935483870968","25.229935483870968","25.229935483870968","56","56","56","26.485533498759306","26.485533498759306","26.485533498759306","56","56","56","58.907841191067","58.907841191067","58.907841191067","56","56","56"
"42","26.97323573200993","26.97323573200993","26.97323573200993","57","57","57","38.61442679900745","38.61442679900745","38.61442679900745","57","57","57","26.05644168734491","26.05644168734491","26.05644168734491","57","57","57","26.685558312655086","26.685558312655086","26.685558312655086","57","57","57","42.56299255583127","42.56299255583127","42.56299255583127","57","57","57"
"43","26.41459553349876","26.41459553349876","26.41459553349876","58","58","58","35.988406947890816","35.988406947890816","35.988406947890816","58","58","58","26.38209429280397","26.38209429280397","26.38209429280397","58","58","58","24.55808436724566","24.55808436724566","24.55808436724566","58","58","58","54.21830272952854","54.21830272952854","54.21830272952854","58","58","58"
"44","26.35014392059553","26.35014392059553","26.35014392059553","59","59","59","49.02634739454095","49.02634739454095","49.02634739454095","59","59","59","27.343315136476427","27.343315136476427","27.343315136476427","59","59","59","25.779940446650127","25.779940446650127","25.779940446650127","59","59","59","39.15435732009926","39.15435732009926","39.15435732009926","59","59","59"
"45","25.218471464019853","25.218471464019853","25.218471464019853","60","60","60","42.87734987593052","42.87734987593052","42.87734987593052","60","60","60","23.781558312655086","23.781558312655086","23.781558312655086","60","60","60","24.515037220843674","24.515037220843674","24.515037220843674","60","60","60","54.21774193548387","54.21774193548387","54.21774193548387","60","60","60"
"46","24.577727047146404","24.577727047146404","24.577727047146404","63","63","63","45.41432258064516","45.41432258064516","45.41432258064516","63","63","63","23.718004962779155","23.718004962779155","23.718004962779155","63","63","63","26.38414392059553","26.38414392059553","26.38414392059553","63","63","63","42.606972704714636","42.606972704714636","42.606972704714636","63","63","63"
"47","25.876878411910667","25.876878411910667","25.876878411910667","64","64","64","35.384069478908195","35.384069478908195","35.384069478908195","64","64","64","28.153548387096777","28.153548387096777","28.153548387096777","64","64","64","24.397985111662532","24.397985111662532","24.397985111662532","64","64","64","38.327786600496275","38.327786600496275","38.327786600496275","64","64","64"
"48","25.432223325062033","25.432223325062033","25.432223325062033","65","65","65","45.5790223325062","45.5790223325062","45.5790223325062","65","65","65","25.076769230769234","25.076769230769234","25.076769230769234","65","65","65","23.32139454094293","23.32139454094293","23.32139454094293","65","65","65","43.74885856079404","43.74885856079404","43.74885856079404","65","65","65"
"49","24.398506203473943","24.398506203473943","24.398506203473943","66","66","66","43.24557320099256","43.24557320099256","43.24557320099256","66","66","66","26.14871464019851","26.14871464019851","26.14871464019851","66","66","66","23.351995037220846","23.351995037220846","23.351995037220846","66","66","66","40.40381141439206","40.40381141439206","40.40381141439206","66","66","66"
"50","24.217315136476426","24.217315136476426","24.217315136476426","67","67","67","39.7503523573201","39.7503523573201","39.7503523573201","67","67","67","25.901533498759306","25.901533498759306","25.901533498759306","67","67","67","24.282312655086848","24.282312655086848","24.282312655086848","67","67","67","37.57656575682382","37.57656575682382","37.57656575682382","67","67","67"
"51","24.454034739454098","24.454034739454098","24.454034739454098","70","70","70","65.82329032258065","65.82329032258065","65.82329032258065","70","70","70","27.080501240694794","27.080501240694794","27.080501240694794","70","70","70","24.719126550868484","24.719126550868484","24.719126550868484","70","70","70","37.400183622828784","37.400183622828784","37.400183622828784","70","70","70"
"52","24.89441687344913","24.89441687344913","24.89441687344913","71","71","71","56.340937965260544","56.340937965260544","56.340937965260544","71","71","71","24.281047146401985","24.281047146401985","24.281047146401985","71","71","71","24.42866004962779","24.42866004962779","24.42866004962779","71","71","71","37.41680397022332","37.41680397022332","37.41680397022332","71","71","71"
"53","24.11475434243176","24.11475434243176","24.11475434243176","72","72","72","49.11811414392059","49.11811414392059","49.11811414392059","72","72","72","23.787255583126555","23.787255583126555","23.787255583126555","72","72","72","23.976967741935482","23.976967741935482","23.976967741935482","72","72","72","59.20379156327544","59.20379156327544","59.20379156327544","72","72","72"
"54","23.920714640198515","23.920714640198515","23.920714640198515","73","73","73","39.08548387096774","39.08548387096774","39.08548387096774","73","73","73","23.877612903225806","23.877612903225806","23.877612903225806","73","73","73","25.23066004962779","25.23066004962779","25.23066004962779","73","73","73","40.06877419354838","40.06877419354838","40.06877419354838","73","73","73"
"55","25.139751861042186","25.139751861042186","25.139751861042186","74","74","74","63.63347890818858","63.63347890818858","63.63347890818858","74","74","74","25.49617369727047","25.49617369727047","25.49617369727047","74","74","74","23.80178163771712","23.80178163771712","23.80178163771712","74","74","74","71.04595533498758","71.04595533498758","71.04595533498758","74","74","74"
"56","24.847454094292804","24.847454094292804","24.847454094292804","77","77","77","42.17214392059553","42.17214392059553","42.17214392059553","77","77","77","25.617915632754347","25.617915632754347","25.617915632754347","77","77","77","23.669831265508684","23.669831265508684","23.669831265508684","77","77","77","65.0203523573201","65.0203523573201","65.0203523573201","77","77","77"
"57","24.164009925558315","24.164009925558315","24.164009925558315","78","78","78","38.228560794044675","38.228560794044675","38.228560794044675","78","78","78","23.726967741935482","23.726967741935482","23.726967741935482","78","78","78","23.67696774193548","23.67696774193548","23.67696774193548","78","78","78","46.5293300248139","46.5293300248139","46.5293300248139","78","78","78"
"58","24.585101736972703","24.585101736972703","24.585101736972703","79","79","79","40.09192555831266","40.09192555831266","40.09192555831266","79","79","79","24.711464019851118","24.711464019851118","24.711464019851118","79","79","79","23.458357320099253","23.458357320099253","23.458357320099253","79","79","79","47.85042183622829","47.85042183622829","47.85042183622829","79","79","79"
"59","23.51501240694789","23.51501240694789","23.51501240694789","80","80","80","50.42714640198511","50.42714640198511","50.42714640198511","80","80","80","25.237970223325064","25.237970223325064","25.237970223325064","80","80","80","24.346476426799004","24.346476426799004","24.346476426799004","80","80","80","40.46856079404466","40.46856079404466","40.46856079404466","80","80","80"
"60","24.51948387096774","24.51948387096774","24.51948387096774","81","81","81","82.01371215880893","82.01371215880893","82.01371215880893","81","81","81","32.45061538461538","32.45061538461538","32.45061538461538","81","81","81","23.51903225806452","23.51903225806452","23.51903225806452","81","81","81","46.55434739454095","46.55434739454095","46.55434739454095","81","81","81"
"61","24.04283374689826","24.04283374689826","24.04283374689826","84","84","84","48.16177171215881","48.16177171215881","48.16177171215881","84","84","84","28.423602977667493","28.423602977667493","28.423602977667493","84","84","84","24.208004962779157","24.208004962779157","24.208004962779157","84","84","84","70.5355334987593","70.5355334987593","70.5355334987593","84","84","84"
"62","25.40214888337469","25.40214888337469","25.40214888337469","85","85","85","43.09063027295285","43.09063027295285","43.09063027295285","85","85","85","34.77427791563275","34.77427791563275","34.77427791563275","85","85","85","25.35036724565757","25.35036724565757","25.35036724565757","85","85","85","63.97847146401985","63.97847146401985","63.97847146401985","85","85","85"
"63","24.416168734491315","24.416168734491315","24.416168734491315","86","86","86","43.92622332506203","43.92622332506203","43.92622332506203","86","86","86","29.649409429280396","29.649409429280396","29.649409429280396","86","86","86","24.720168734491313","24.720168734491313","24.720168734491313","86","86","86","45.146208436724564","45.146208436724564","45.146208436724564","86","86","86"
"64","25.104605459057073","25.104605459057073","25.104605459057073","87","87","87","46.173900744416876","46.173900744416876","46.173900744416876","87","87","87","37.524203473945406","37.524203473945406","37.524203473945406","87","87","87","23.783017369727048","23.783017369727048","23.783017369727048","87","87","87","57.06416377171216","57.06416377171216","57.06416377171216","87","87","87"
"65","24.41263523573201","24.41263523573201","24.41263523573201","88","88","88","47.15210918114144","47.15210918114144","47.15210918114144","88","88","88","26.480426799007446","26.480426799007446","26.480426799007446","88","88","88","23.54960794044665","23.54960794044665","23.54960794044665","88","88","88","45.821449131513646","45.821449131513646","45.821449131513646","88","88","88"
"66","26.029429280397025","26.029429280397025","26.029429280397025","91","91","91","43.353682382134004","43.353682382134004","43.353682382134004","91","91","91","31.595478908188586","31.595478908188586","31.595478908188586","91","91","91","24.615384615384617","24.615384615384617","24.615384615384617","91","91","91","60.221434243176176","60.221434243176176","60.221434243176176","91","91","91"
"67","25.047935483870965","25.047935483870965","25.047935483870965","92","92","92","38.400878411910675","38.400878411910675","38.400878411910675","92","92","92","25.189096774193548","25.189096774193548","25.189096774193548","92","92","92","23.336198511166256","23.336198511166256","23.336198511166256","92","92","92","67.00725558312655","67.00725558312655","67.00725558312655","92","92","92"
"68","24.62023325062035","24.62023325062035","24.62023325062035","93","93","93","44.53449131513648","44.53449131513648","44.53449131513648","93","93","93","26.55489330024814","26.55489330024814","26.55489330024814","93","93","93","23.332535980148887","23.332535980148887","23.332535980148887","93","93","93","54.501389578163774","54.501389578163774","54.501389578163774","93","93","93"
"69","24.027622828784118","24.027622828784118","24.027622828784118","94","94","94","55.885647642679906","55.885647642679906","55.885647642679906","94","94","94","23.900362282878415","23.900362282878415","23.900362282878415","94","94","94","23.861002481389576","23.861002481389576","23.861002481389576","94","94","94","65.68374689826302","65.68374689826302","65.68374689826302","94","94","94"
"70","25.26482878411911","25.26482878411911","25.26482878411911","95","95","95","51.43393052109181","51.43393052109181","51.43393052109181","95","95","95","27.997553349875925","27.997553349875925","27.997553349875925","95","95","95","24.545518610421837","24.545518610421837","24.545518610421837","95","95","95","94.34583126550868","94.34583126550868","94.34583126550868","95","95","95"
"71","24.773563275434242","24.773563275434242","24.773563275434242","98","98","98","47.33131017369727","47.33131017369727","47.33131017369727","98","98","98","24.468009925558313","24.468009925558313","24.468009925558313","98","98","98","24.10235732009926","24.10235732009926","24.10235732009926","98","98","98","48.5099205955335","48.5099205955335","48.5099205955335","98","98","98"
"72","25.647543424317618","25.647543424317618","25.647543424317618","99","99","99","47.8736476426799","47.8736476426799","47.8736476426799","99","99","99","25.863821339950373","25.863821339950373","25.863821339950373","99","99","99","24.375662531017372","24.375662531017372","24.375662531017372","99","99","99","58.86314143920596","58.86314143920596","58.86314143920596","99","99","99"
"73","24.569985111662533","24.569985111662533","24.569985111662533","100","100","100","43.84087344913152","43.84087344913152","43.84087344913152","100","100","100","28.52933995037221","28.52933995037221","28.52933995037221","100","100","100","25.047196029776675","25.047196029776675","25.047196029776675","100","100","100","70.98240694789081","70.98240694789081","70.98240694789081","100","100","100"
"74","25.041369727047147","25.041369727047147","25.041369727047147","101","101","101","52.110401985111665","52.110401985111665","52.110401985111665","101","101","101","26.252615384615385","26.252615384615385","26.252615384615385","101","101","101","24.078769230769232","24.078769230769232","24.078769230769232","101","101","101","61.81452109181142","61.81452109181142","61.81452109181142","101","101","101"
"75","24.14482382133995","24.14482382133995","24.14482382133995","102","102","102","52.71177171215881","52.71177171215881","52.71177171215881","102","102","102","28.56463027295285","28.56463027295285","28.56463027295285","102","102","102","23.82414888337469","23.82414888337469","23.82414888337469","102","102","102","46.62921091811415","46.62921091811415","46.62921091811415","102","102","102"
"76","23.772074441687344","23.772074441687344","23.772074441687344","105","105","105","86.25154838709678","86.25154838709678","86.25154838709678","105","105","105","26.128759305210917","26.128759305210917","26.128759305210917","105","105","105","23.149806451612903","23.149806451612903","23.149806451612903","105","105","105","45.27049131513648","45.27049131513648","45.27049131513648","105","105","105"
"77","24.470521091811413","24.470521091811413","24.470521091811413","106","106","106","46.87724565756824","46.87724565756824","46.87724565756824","106","106","106","26.271811414392058","26.271811414392058","26.271811414392058","106","106","106","23.839007444168733","23.839007444168733","23.839007444168733","106","106","106","57.057697270471465","57.057697270471465","57.057697270471465","106","106","106"
"78","24.696094292803974","24.696094292803974","24.696094292803974","107","107","107","1286.7528337468982","1286.7528337468982","1286.7528337468982","107","107","107","26.713052109181138","26.713052109181138","26.713052109181138","107","107","107","23.576302729528535","23.576302729528535","23.576302729528535","107","107","107","77.65915136476427","77.65915136476427","77.65915136476427","107","107","107"
"79","23.95159305210918","23.95159305210918","23.95159305210918","108","108","108","44.73850124069479","44.73850124069479","44.73850124069479","108","108","108","27.18069975186104","27.18069975186104","27.18069975186104","108","108","108","23.78083870967742","23.78083870967742","23.78083870967742","108","108","108","56.28179156327543","56.28179156327543","56.28179156327543","108","108","108"
"80","23.521647642679902","23.521647642679902","23.521647642679902","109","109","109","37.04336972704714","37.04336972704714","37.04336972704714","109","109","109","24.16067493796526","24.16067493796526","24.16067493796526","109","109","109","24.21147394540943","24.21147394540943","24.21147394540943","109","109","109","53.76306699751861","53.76306699751861","53.76306699751861","109","109","109"
"81","23.13366253101737","23.13366253101737","23.13366253101737","112","112","112","42.6374441687345","42.6374441687345","42.6374441687345","112","112","112","25.82794540942928","25.82794540942928","25.82794540942928","112","112","112","24.835588089330024","24.835588089330024","24.835588089330024","112","112","112","50.764933002481385","50.764933002481385","50.764933002481385","112","112","112"
"82","24.18194540942928","24.18194540942928","24.18194540942928","113","113","113","37.96961786600496","37.96961786600496","37.96961786600496","113","113","113","26.85327047146402","26.85327047146402","26.85327047146402","113","113","113","25.590218362282876","25.590218362282876","25.590218362282876","113","113","113","1359.5441538461537","1359.5441538461537","1359.5441538461537","113","113","113"
"83","24.43872456575682","24.43872456575682","24.43872456575682","114","114","114","41.1223523573201","41.1223523573201","41.1223523573201","114","114","114","24.968506203473947","24.968506203473947","24.968506203473947","114","114","114","24.76213895781638","24.76213895781638","24.76213895781638","114","114","114","45.16220347394541","45.16220347394541","45.16220347394541","114","114","114"
"84","23.99001488833747","23.99001488833747","23.99001488833747","115","115","115","42.49508188585608","42.49508188585608","42.49508188585608","115","115","115","27.187394540942933","27.187394540942933","27.187394540942933","115","115","115","23.624625310173695","23.624625310173695","23.624625310173695","115","115","115","44.46655583126552","44.46655583126552","44.46655583126552","115","115","115"
"85","24.27887841191067","24.27887841191067","24.27887841191067","116","116","116","46.008049627791564","46.008049627791564","46.008049627791564","116","116","116","25.493856079404466","25.493856079404466","25.493856079404466","116","116","116","23.707588089330024","23.707588089330024","23.707588089330024","116","116","116","52.59872952853598","52.59872952853598","52.59872952853598","116","116","116"
"86","23.775657568238213","23.775657568238213","23.775657568238213","119","119","119","39.4927394540943","39.4927394540943","39.4927394540943","119","119","119","24.983196029776675","24.983196029776675","24.983196029776675","119","119","119","25.280064516129034","25.280064516129034","25.280064516129034","119","119","119","39.953593052109184","39.953593052109184","39.953593052109184","119","119","119"
"87","23.479612903225807","23.479612903225807","23.479612903225807","120","120","120","46.437429280397026","46.437429280397026","46.437429280397026","120","120","120","27.385488833746894","27.385488833746894","27.385488833746894","120","120","120","23.883985111662533","23.883985111662533","23.883985111662533","120","120","120","37.165290322580645","37.165290322580645","37.165290322580645","120","120","120"
"88","24.728431761786602","24.728431761786602","24.728431761786602","121","121","121","43.056704714640205","43.056704714640205","43.056704714640205","121","121","121","24.054119106699755","24.054119106699755","24.054119106699755","121","121","121","28.470248138957814","28.470248138957814","28.470248138957814","121","121","121","50.47209429280397","50.47209429280397","50.47209429280397","121","121","121"
"89","25.17578660049628","25.17578660049628","25.17578660049628","122","122","122","42.3465459057072","42.3465459057072","42.3465459057072","122","122","122","28.8114888337469","28.8114888337469","28.8114888337469","122","122","122","24.619146401985113","24.619146401985113","24.619146401985113","122","122","122","45.738734491315135","45.738734491315135","45.738734491315135","122","122","122"
"90","24.291151364764268","24.291151364764268","24.291151364764268","123","123","123","46.44406947890819","46.44406947890819","46.44406947890819","123","123","123","30.66521091811414","30.66521091811414","30.66521091811414","123","123","123","24.61394540942928","24.61394540942928","24.61394540942928","123","123","123","78.8287741935484","78.8287741935484","78.8287741935484","123","123","123"
"91","25.37208436724566","25.37208436724566","25.37208436724566","126","126","126","44.3159553349876","44.3159553349876","44.3159553349876","126","126","126","27.363166253101735","27.363166253101735","27.363166253101735","126","126","126","23.003151364764268","23.003151364764268","23.003151364764268","126","126","126","1117.1232952853597","1117.1232952853597","1117.1232952853597","126","126","126"
"92","24.890545905707196","24.890545905707196","24.890545905707196","127","127","127","39.76178660049628","39.76178660049628","39.76178660049628","127","127","127","27.207156327543426","27.207156327543426","27.207156327543426","127","127","127","24.39840198511166","24.39840198511166","24.39840198511166","127","127","127","39.46905707196029","39.46905707196029","39.46905707196029","127","127","127"
"93","24.463478908188588","24.463478908188588","24.463478908188588","128","128","128","33.822655086848634","33.822655086848634","33.822655086848634","128","128","128","40.072476426799014","40.072476426799014","40.072476426799014","128","128","128","24.375498759305213","24.375498759305213","24.375498759305213","128","128","128","37.23132009925558","37.23132009925558","37.23132009925558","128","128","128"
"94","24.785325062034737","24.785325062034737","24.785325062034737","129","129","129","39.71354838709678","39.71354838709678","39.71354838709678","129","129","129","31.862694789081885","31.862694789081885","31.862694789081885","129","129","129","23.31353846153846","23.31353846153846","23.31353846153846","129","129","129","38.574714640198515","38.574714640198515","38.574714640198515","129","129","129"
"95","24.42385607940447","24.42385607940447","24.42385607940447","130","130","130","37.64074441687345","37.64074441687345","37.64074441687345","130","130","130","30.339275434243177","30.339275434243177","30.339275434243177","130","130","130","25.029900744416874","25.029900744416874","25.029900744416874","130","130","130","36.64649131513647","36.64649131513647","36.64649131513647","130","130","130"
"96","23.835637717121585","23.835637717121585","23.835637717121585","133","133","133","33.76226799007444","33.76226799007444","33.76226799007444","133","133","133","25.869200992555832","25.869200992555832","25.869200992555832","133","133","133","23.69187593052109","23.69187593052109","23.69187593052109","133","133","133","40.095672456575684","40.095672456575684","40.095672456575684","133","133","133"
"97","23.057171215880892","23.057171215880892","23.057171215880892","134","134","134","35.0024665012407","35.0024665012407","35.0024665012407","134","134","134","40.68797022332507","40.68797022332507","40.68797022332507","134","134","134","25.174372208436726","25.174372208436726","25.174372208436726","134","134","134","47.29885359801489","47.29885359801489","47.29885359801489","134","134","134"
"98","23.3267841191067","23.3267841191067","23.3267841191067","135","135","135","39.03753846153846","39.03753846153846","39.03753846153846","135","135","135","30.558392059553352","30.558392059553352","30.558392059553352","135","135","135","23.297344913151367","23.297344913151367","23.297344913151367","135","135","135","38.840823821339946","38.840823821339946","38.840823821339946","135","135","135"
"99","23.845692307692307","23.845692307692307","23.845692307692307","136","136","136","38.113086848635234","38.113086848635234","38.113086848635234","136","136","136","26.797459057071958","26.797459057071958","26.797459057071958","136","136","136","23.478034739454092","23.478034739454092","23.478034739454092","136","136","136","34.86630272952854","34.86630272952854","34.86630272952854","136","136","136"
"100","24.20675930521092","24.20675930521092","24.20675930521092","137","137","137","38.31255583126551","38.31255583126551","38.31255583126551","137","137","137","26.37856575682382","26.37856575682382","26.37856575682382","137","137","137","25.407210918114142","25.407210918114142","25.407210918114142","137","137","137","45.01752357320099","45.01752357320099","45.01752357320099","137","137","137"
"101","25.57725558312655","25.57725558312655","25.57725558312655","140","140","140","37.81242183622829","37.81242183622829","37.81242183622829","140","140","140","28.17326054590571","28.17326054590571","28.17326054590571","140","140","140","23.971468982630274","23.971468982630274","23.971468982630274","140","140","140","38.91941439205955","38.91941439205955","38.91941439205955","140","140","140"
"102","22.95788089330025","22.95788089330025","22.95788089330025","141","141","141","34.85943920595534","34.85943920595534","34.85943920595534","141","141","141","25.444694789081886","25.444694789081886","25.444694789081886","141","141","141","24.138977667493798","24.138977667493798","24.138977667493798","141","141","141","39.815106699751865","39.815106699751865","39.815106699751865","141","141","141"
"103","25.192034739454094","25.192034739454094","25.192034739454094","142","142","142","36.75816873449132","36.75816873449132","36.75816873449132","142","142","142","25.597002481389577","25.597002481389577","25.597002481389577","142","142","142","24.092491315136474","24.092491315136474","24.092491315136474","142","142","142","39.24516129032258","39.24516129032258","39.24516129032258","142","142","142"
"104","23.60625806451613","23.60625806451613","23.60625806451613","143","143","143","40.3866253101737","40.3866253101737","40.3866253101737","143","143","143","27.382704714640198","27.382704714640198","27.382704714640198","143","143","143","24.107593052109184","24.107593052109184","24.107593052109184","143","143","143","455.0657270471464","455.0657270471464","455.0657270471464","143","143","143"
"105","22.578888337468985","22.578888337468985","22.578888337468985","144","144","144","41.00010918114144","41.00010918114144","41.00010918114144","144","144","144","28.867027295285357","28.867027295285357","28.867027295285357","144","144","144","23.958153846153845","23.958153846153845","23.958153846153845","144","144","144","37.215751861042186","37.215751861042186","37.215751861042186","144","144","144"
"106","22.210109181141437","22.210109181141437","22.210109181141437","147","147","147","40.35198511166253","40.35198511166253","40.35198511166253","147","147","147","31.31439205955335","31.31439205955335","31.31439205955335","147","147","147","23.490937965260546","23.490937965260546","23.490937965260546","147","147","147","37.40428784119107","37.40428784119107","37.40428784119107","147","147","147"
"107","23.95676923076923","23.95676923076923","23.95676923076923","148","148","148","42.510878411910674","42.510878411910674","42.510878411910674","148","148","148","27.052550868486353","27.052550868486353","27.052550868486353","148","148","148","23.72914640198511","23.72914640198511","23.72914640198511","148","148","148","31.570833746898263","31.570833746898263","31.570833746898263","148","148","148"
"108","23.86822828784119","23.86822828784119","23.86822828784119","149","149","149","50.572967741935486","50.572967741935486","50.572967741935486","149","149","149","26.39598511166253","26.39598511166253","26.39598511166253","149","149","149","24.87974689826303","24.87974689826303","24.87974689826303","149","149","149","33.45757816377171","33.45757816377171","33.45757816377171","149","149","149"
"109","23.427642679900742","23.427642679900742","23.427642679900742","150","150","150","36.01332009925558","36.01332009925558","36.01332009925558","150","150","150","29.863940446650123","29.863940446650123","29.863940446650123","150","150","150","22.929330024813893","22.929330024813893","22.929330024813893","150","150","150","34.2969429280397","34.2969429280397","34.2969429280397","150","150","150"
"110","23.108848635235734","23.108848635235734","23.108848635235734","151","151","151","35.313806451612905","35.313806451612905","35.313806451612905","151","151","151","25.915508684863525","25.915508684863525","25.915508684863525","151","151","151","24.103915632754344","24.103915632754344","24.103915632754344","151","151","151","36.11595037220844","36.11595037220844","36.11595037220844","151","151","151"
"111","24.04570719602978","24.04570719602978","24.04570719602978","154","154","154","41.88844665012407","41.88844665012407","41.88844665012407","154","154","154","27.43877419354839","27.43877419354839","27.43877419354839","154","154","154","25.106506203473945","25.106506203473945","25.106506203473945","154","154","154","38.64527543424318","38.64527543424318","38.64527543424318","154","154","154"
"112","22.825344913151365","22.825344913151365","22.825344913151365","155","155","155","48.718818858560795","48.718818858560795","48.718818858560795","155","155","155","23.956689826302732","23.956689826302732","23.956689826302732","155","155","155","23.568952853598017","23.568952853598017","23.568952853598017","155","155","155","38.94483374689826","38.94483374689826","38.94483374689826","155","155","155"
"113","24.28527543424318","24.28527543424318","24.28527543424318","156","156","156","43.31935980148883","43.31935980148883","43.31935980148883","156","156","156","23.778347394540944","23.778347394540944","23.778347394540944","156","156","156","50.04318114143921","50.04318114143921","50.04318114143921","156","156","156","33.05882382133995","33.05882382133995","33.05882382133995","156","156","156"
"114","23.504014888337466","23.504014888337466","23.504014888337466","157","157","157","44.9966699751861","44.9966699751861","44.9966699751861","157","157","157","27.470779156327545","27.470779156327545","27.470779156327545","157","157","157","24.549816377171215","24.549816377171215","24.549816377171215","157","157","157","33.435096774193546","33.435096774193546","33.435096774193546","157","157","157"
"115","23.59514640198511","23.59514640198511","23.59514640198511","158","158","158","44.64104714640198","44.64104714640198","44.64104714640198","158","158","158","32.3600794044665","32.3600794044665","32.3600794044665","158","158","158","24.987528535980147","24.987528535980147","24.987528535980147","158","158","158","38.73802977667494","38.73802977667494","38.73802977667494","158","158","158"
"116","24.483141439205955","24.483141439205955","24.483141439205955","161","161","161","39.98669478908189","39.98669478908189","39.98669478908189","161","161","161","26.866367245657568","26.866367245657568","26.866367245657568","161","161","161","24.79836724565757","24.79836724565757","24.79836724565757","161","161","161","35.020059553349874","35.020059553349874","35.020059553349874","161","161","161"
"117","22.835166253101736","22.835166253101736","22.835166253101736","162","162","162","38.022759305210926","38.022759305210926","38.022759305210926","162","162","162","26.162689826302728","26.162689826302728","26.162689826302728","162","162","162","1046.6744019851117","1046.6744019851117","1046.6744019851117","162","162","162","33.664858560794045","33.664858560794045","33.664858560794045","162","162","162"
"118","24.447990074441687","24.447990074441687","24.447990074441687","163","163","163","45.13870967741936","45.13870967741936","45.13870967741936","163","163","163","28.681543424317617","28.681543424317617","28.681543424317617","163","163","163","1279.4216923076922","1279.4216923076922","1279.4216923076922","163","163","163","31.823215880893304","31.823215880893304","31.823215880893304","163","163","163"
"119","22.60866004962779","22.60866004962779","22.60866004962779","164","164","164","55.2502382133995","55.2502382133995","55.2502382133995","164","164","164","26.44096277915633","26.44096277915633","26.44096277915633","164","164","164","25.526486352357317","25.526486352357317","25.526486352357317","164","164","164","34.70297270471464","34.70297270471464","34.70297270471464","164","164","164"
"120","23.181230769230766","23.181230769230766","23.181230769230766","165","165","165","35.66209429280397","35.66209429280397","35.66209429280397","165","165","165","24.470059553349873","24.470059553349873","24.470059553349873","165","165","165","25.903354838709678","25.903354838709678","25.903354838709678","165","165","165","36.30343424317618","36.30343424317618","36.30343424317618","165","165","165"
"121","24.526749379652607","24.526749379652607","24.526749379652607","168","168","168","39.28266004962779","39.28266004962779","39.28266004962779","168","168","168","24.90716625310174","24.90716625310174","24.90716625310174","168","168","168","22.962694789081887","22.962694789081887","22.962694789081887","168","168","168","34.518913151364764","34.518913151364764","34.518913151364764","168","168","168"
"122","23.196272952853597","23.196272952853597","23.196272952853597","169","169","169","41.14169727047147","41.14169727047147","41.14169727047147","169","169","169","26.40837717121588","26.40837717121588","26.40837717121588","169","169","169","24.328580645161292","24.328580645161292","24.328580645161292","169","169","169","30.166287841191064","30.166287841191064","30.166287841191064","169","169","169"
"123","23.276168734491314","23.276168734491314","23.276168734491314","170","170","170","44.05470967741936","44.05470967741936","44.05470967741936","170","170","170","26.33124565756824","26.33124565756824","26.33124565756824","170","170","170","24.397995037220845","24.397995037220845","24.397995037220845","170","170","170","38.72201985111663","38.72201985111663","38.72201985111663","170","170","170"
"124","22.870605459057074","22.870605459057074","22.870605459057074","171","171","171","35.32849627791563","35.32849627791563","35.32849627791563","171","171","171","34.65341935483871","34.65341935483871","34.65341935483871","171","171","171","26.278799007444167","26.278799007444167","26.278799007444167","171","171","171","33.16629280397022","33.16629280397022","33.16629280397022","171","171","171"
"125","23.772233250620346","23.772233250620346","23.772233250620346","172","172","172","38.33417866004962","38.33417866004962","38.33417866004962","172","172","172","29.89880893300248","29.89880893300248","29.89880893300248","172","172","172","24.929880893300247","24.929880893300247","24.929880893300247","172","172","172","27.474198511166254","27.474198511166254","27.474198511166254","172","172","172"
"126","24.19677915632754","24.19677915632754","24.19677915632754","175","175","175","37.35092803970223","37.35092803970223","37.35092803970223","175","175","175","32.94407940446651","32.94407940446651","32.94407940446651","175","175","175","23.395250620347394","23.395250620347394","23.395250620347394","175","175","175","27.344074441687344","27.344074441687344","27.344074441687344","175","175","175"
"127","23.656883374689823","23.656883374689823","23.656883374689823","176","176","176","33.87909181141439","33.87909181141439","33.87909181141439","176","176","176","27.474615384615387","27.474615384615387","27.474615384615387","176","176","176","23.300818858560792","23.300818858560792","23.300818858560792","176","176","176","26.160238213399506","26.160238213399506","26.160238213399506","176","176","176"
"128","23.480873449131515","23.480873449131515","23.480873449131515","177","177","177","36.68508188585608","36.68508188585608","36.68508188585608","177","177","177","27.062178660049625","27.062178660049625","27.062178660049625","177","177","177","25.39545905707196","25.39545905707196","25.39545905707196","177","177","177","26.899181141439204","26.899181141439204","26.899181141439204","177","177","177"
"129","23.219751861042184","23.219751861042184","23.219751861042184","178","178","178","32.004873449131516","32.004873449131516","32.004873449131516","178","178","178","26.421156327543425","26.421156327543425","26.421156327543425","178","178","178","25.697602977667493","25.697602977667493","25.697602977667493","178","178","178","73.5607047146402","73.5607047146402","73.5607047146402","178","178","178"
"130","23.93731513647643","23.93731513647643","23.93731513647643","179","179","179","36.27297270471464","36.27297270471464","36.27297270471464","179","179","179","28.931846153846152","28.931846153846152","28.931846153846152","179","179","179","24.655761786600493","24.655761786600493","24.655761786600493","179","179","179","29.6050570719603","29.6050570719603","29.6050570719603","179","179","179"
"131","23.966982630272952","23.966982630272952","23.966982630272952","182","182","182","31.684292803970227","31.684292803970227","31.684292803970227","182","182","182","27.567612903225807","27.567612903225807","27.567612903225807","182","182","182","23.631717121588093","23.631717121588093","23.631717121588093","182","182","182","31.064774193548388","31.064774193548388","31.064774193548388","182","182","182"
"132","23.609702233250623","23.609702233250623","23.609702233250623","183","183","183","41.20885856079405","41.20885856079405","41.20885856079405","183","183","183","29.169032258064515","29.169032258064515","29.169032258064515","183","183","183","25.638764267990076","25.638764267990076","25.638764267990076","183","183","183","31.808148883374688","31.808148883374688","31.808148883374688","183","183","183"
"133","23.14147394540943","23.14147394540943","23.14147394540943","184","184","184","37.10060049627791","37.10060049627791","37.10060049627791","184","184","184","27.209454094292806","27.209454094292806","27.209454094292806","184","184","184","24.561156327543422","24.561156327543422","24.561156327543422","184","184","184","33.78580148883375","33.78580148883375","33.78580148883375","184","184","184"
"134","24.834838709677417","24.834838709677417","24.834838709677417","185","185","185","35.69989578163772","35.69989578163772","35.69989578163772","185","185","185","26.391022332506203","26.391022332506203","26.391022332506203","185","185","185","24.506287841191067","24.506287841191067","24.506287841191067","185","185","185","28.56476426799008","28.56476426799008","28.56476426799008","185","185","185"
"135","23.756357320099255","23.756357320099255","23.756357320099255","186","186","186","1354.7921687344913","1354.7921687344913","1354.7921687344913","186","186","186","25.288049627791562","25.288049627791562","25.288049627791562","186","186","186","25.872982630272954","25.872982630272954","25.872982630272954","186","186","186","31.052069478908187","31.052069478908187","31.052069478908187","186","186","186"
"136","23.412009925558312","23.412009925558312","23.412009925558312","189","189","189","32.902","32.902","32.902","189","189","189","27.11744416873449","27.11744416873449","27.11744416873449","189","189","189","24.585598014888337","24.585598014888337","24.585598014888337","189","189","189","37.72709677419355","37.72709677419355","37.72709677419355","189","189","189"
"137","24.187702233250622","24.187702233250622","24.187702233250622","190","190","190","35.56255583126551","35.56255583126551","35.56255583126551","190","190","190","23.944749379652606","23.944749379652606","23.944749379652606","190","190","190","24.87762282878412","24.87762282878412","24.87762282878412","190","190","190","36.65750868486353","36.65750868486353","36.65750868486353","190","190","190"
"138","23.313330024813897","23.313330024813897","23.313330024813897","191","191","191","35.53359305210918","35.53359305210918","35.53359305210918","191","191","191","25.330317617866005","25.330317617866005","25.330317617866005","191","191","191","25.120451612903224","25.120451612903224","25.120451612903224","191","191","191","32.285116625310174","32.285116625310174","32.285116625310174","191","191","191"
"139","23.858848635235734","23.858848635235734","23.858848635235734","192","192","192","31.154213399503725","31.154213399503725","31.154213399503725","192","192","192","26.626689826302734","26.626689826302734","26.626689826302734","192","192","192","24.69230272952854","24.69230272952854","24.69230272952854","192","192","192","32.15804962779157","32.15804962779157","32.15804962779157","192","192","192"
"140","24.050645161290323","24.050645161290323","24.050645161290323","193","193","193","35.13584615384615","35.13584615384615","35.13584615384615","193","193","193","30.110014888337467","30.110014888337467","30.110014888337467","193","193","193","23.337111662531015","23.337111662531015","23.337111662531015","193","193","193","40.44107692307693","40.44107692307693","40.44107692307693","193","193","193"
"141","24.308049627791565","24.308049627791565","24.308049627791565","196","196","196","32.42612406947891","32.42612406947891","32.42612406947891","196","196","196","25.126253101736975","25.126253101736975","25.126253101736975","196","196","196","24.550650124069477","24.550650124069477","24.550650124069477","196","196","196","32.23199007444169","32.23199007444169","32.23199007444169","196","196","196"
"142","24.342779156327545","24.342779156327545","24.342779156327545","197","197","197","30.34863523573201","30.34863523573201","30.34863523573201","197","197","197","32.23673449131514","32.23673449131514","32.23673449131514","197","197","197","24.247990074441685","24.247990074441685","24.247990074441685","197","197","197","28.96162282878412","28.96162282878412","28.96162282878412","197","197","197"
"143","23.472","23.472","23.472","198","198","198","35.906595533498766","35.906595533498766","35.906595533498766","198","198","198","31.566084367245658","31.566084367245658","31.566084367245658","198","198","198","25.408625310173697","25.408625310173697","25.408625310173697","198","198","198","30.377761786600495","30.377761786600495","30.377761786600495","198","198","198"
"144","22.89968734491315","22.89968734491315","22.89968734491315","199","199","199","34.18610918114145","34.18610918114145","34.18610918114145","199","199","199","27.73029776674938","27.73029776674938","27.73029776674938","199","199","199","25.15132506203474","25.15132506203474","25.15132506203474","199","199","199","29.459339950372208","29.459339950372208","29.459339950372208","199","199","199"
"145","25.42170719602978","25.42170719602978","25.42170719602978","200","200","200","36.135945409429276","36.135945409429276","36.135945409429276","200","200","200","31.410545905707195","31.410545905707195","31.410545905707195","200","200","200","24.77240694789082","24.77240694789082","24.77240694789082","200","200","200","34.76887841191068","34.76887841191068","34.76887841191068","200","200","200"
"146","23.850208436724564","23.850208436724564","23.850208436724564","203","203","203","33.74843672456575","33.74843672456575","33.74843672456575","203","203","203","27.766967741935485","27.766967741935485","27.766967741935485","203","203","203","24.03934987593052","24.03934987593052","24.03934987593052","203","203","203","34.192357320099255","34.192357320099255","34.192357320099255","203","203","203"
"147","23.869121588089328","23.869121588089328","23.869121588089328","204","204","204","35.6818511166253","35.6818511166253","35.6818511166253","204","204","204","27.279225806451613","27.279225806451613","27.279225806451613","204","204","204","24.825429280397024","24.825429280397024","24.825429280397024","204","204","204","78.21428784119105","78.21428784119105","78.21428784119105","204","204","204"
"148","24.098560794044666","24.098560794044666","24.098560794044666","205","205","205","39.8017717121588","39.8017717121588","39.8017717121588","205","205","205","29.995062034739455","29.995062034739455","29.995062034739455","205","205","205","24.29674441687345","24.29674441687345","24.29674441687345","205","205","205","31.750873449131515","31.750873449131515","31.750873449131515","205","205","205"
"149","22.91666501240695","22.91666501240695","22.91666501240695","206","206","206","34.07570223325062","34.07570223325062","34.07570223325062","206","206","206","30.254615384615388","30.254615384615388","30.254615384615388","206","206","206","23.865379652605462","23.865379652605462","23.865379652605462","206","206","206","37.01730521091811","37.01730521091811","37.01730521091811","206","206","206"
"150","26.939057071960296","26.939057071960296","26.939057071960296","207","207","207","33.87349875930521","33.87349875930521","33.87349875930521","207","207","207","33.400392059553354","33.400392059553354","33.400392059553354","207","207","207","24.92882878411911","24.92882878411911","24.92882878411911","207","207","207","32.49464019851116","32.49464019851116","32.49464019851116","207","207","207"
"151","23.758982630272953","23.758982630272953","23.758982630272953","210","210","210","31.550808933002482","31.550808933002482","31.550808933002482","210","210","210","29.548188585607935","29.548188585607935","29.548188585607935","210","210","210","25.513692307692306","25.513692307692306","25.513692307692306","210","210","210","32.774263027295284","32.774263027295284","32.774263027295284","210","210","210"
"152","23.420977667493798","23.420977667493798","23.420977667493798","211","211","211","34.79134491315136","34.79134491315136","34.79134491315136","211","211","211","25.843508684863522","25.843508684863522","25.843508684863522","211","211","211","24.92023325062035","24.92023325062035","24.92023325062035","211","211","211","33.04442679900745","33.04442679900745","33.04442679900745","211","211","211"
"153","24.05715136476427","24.05715136476427","24.05715136476427","212","212","212","37.998724565756824","37.998724565756824","37.998724565756824","212","212","212","32.21131513647643","32.21131513647643","32.21131513647643","212","212","212","24.41754342431762","24.41754342431762","24.41754342431762","212","212","212","30.952650124069482","30.952650124069482","30.952650124069482","212","212","212"
"154","24.596327543424316","24.596327543424316","24.596327543424316","213","213","213","33.56078908188586","33.56078908188586","33.56078908188586","213","213","213","29.18809925558313","29.18809925558313","29.18809925558313","213","213","213","24.912327543424315","24.912327543424315","24.912327543424315","213","213","213","30.787965260545906","30.787965260545906","30.787965260545906","213","213","213"
"155","23.751459057071962","23.751459057071962","23.751459057071962","214","214","214","77.52972208436725","77.52972208436725","77.52972208436725","214","214","214","26.71796029776675","26.71796029776675","26.71796029776675","214","214","214","24.85844168734491","24.85844168734491","24.85844168734491","214","214","214","32.20248635235732","32.20248635235732","32.20248635235732","214","214","214"
"156","23.587384615384615","23.587384615384615","23.587384615384615","217","217","217","32.719359801488835","32.719359801488835","32.719359801488835","217","217","217","27.28642183622829","27.28642183622829","27.28642183622829","217","217","217","25.41810421836228","25.41810421836228","25.41810421836228","217","217","217","34.450263027295286","34.450263027295286","34.450263027295286","217","217","217"
"157","31.57712158808933","31.57712158808933","31.57712158808933","218","218","218","30.38211910669975","30.38211910669975","30.38211910669975","218","218","218","25.32058064516129","25.32058064516129","25.32058064516129","218","218","218","24.61448635235732","24.61448635235732","24.61448635235732","218","218","218","33.86767245657568","33.86767245657568","33.86767245657568","218","218","218"
"158","26.26892307692308","26.26892307692308","26.26892307692308","219","219","219","30.197811414392056","30.197811414392056","30.197811414392056","219","219","219","29.754526054590567","29.754526054590567","29.754526054590567","219","219","219","25.237349875930523","25.237349875930523","25.237349875930523","219","219","219","31.602253101736974","31.602253101736974","31.602253101736974","219","219","219"
"159","28.009687344913154","28.009687344913154","28.009687344913154","220","220","220","31.84587593052109","31.84587593052109","31.84587593052109","220","220","220","30.807419354838707","30.807419354838707","30.807419354838707","220","220","220","24.720729528535983","24.720729528535983","24.720729528535983","220","220","220","32.848660049627796","32.848660049627796","32.848660049627796","220","220","220"
"160","23.84695781637717","23.84695781637717","23.84695781637717","221","221","221","32.40763771712159","32.40763771712159","32.40763771712159","221","221","221","30.883920595533503","30.883920595533503","30.883920595533503","221","221","221","24.44374193548387","24.44374193548387","24.44374193548387","221","221","221","31.434436724565757","31.434436724565757","31.434436724565757","221","221","221"
"161","41.571617866004964","41.571617866004964","41.571617866004964","224","224","224","31.575250620347397","31.575250620347397","31.575250620347397","224","224","224","30.68991563275434","30.68991563275434","30.68991563275434","224","224","224","24.894327543424318","24.894327543424318","24.894327543424318","224","224","224","35.45918610421837","35.45918610421837","35.45918610421837","224","224","224"
"162","47.67399503722085","47.67399503722085","47.67399503722085","225","225","225","31.760595533498762","31.760595533498762","31.760595533498762","225","225","225","27.522977667493798","27.522977667493798","27.522977667493798","225","225","225","24.129101736972704","24.129101736972704","24.129101736972704","225","225","225","34.036813895781634","34.036813895781634","34.036813895781634","225","225","225"
"163","26.549875930521093","26.549875930521093","26.549875930521093","226","226","226","34.4628982630273","34.4628982630273","34.4628982630273","226","226","226","30.277885856079404","30.277885856079404","30.277885856079404","226","226","226","24.725468982630275","24.725468982630275","24.725468982630275","226","226","226","31.131851116625313","31.131851116625313","31.131851116625313","226","226","226"
"164","24.515965260545904","24.515965260545904","24.515965260545904","227","227","227","34.257498759305214","34.257498759305214","34.257498759305214","227","227","227","32.96758312655086","32.96758312655086","32.96758312655086","227","227","227","23.887002481389576","23.887002481389576","23.887002481389576","227","227","227","34.395151364764274","34.395151364764274","34.395151364764274","227","227","227"
"165","555.5448684863524","555.5448684863524","555.5448684863524","228","228","228","35.55208436724566","35.55208436724566","35.55208436724566","228","228","228","26.197985111662533","26.197985111662533","26.197985111662533","228","228","228","23.300933002481393","23.300933002481393","23.300933002481393","228","228","228","30.533647642679902","30.533647642679902","30.533647642679902","228","228","228"
"166","27.205399503722084","27.205399503722084","27.205399503722084","231","231","231","31.23363275434243","31.23363275434243","31.23363275434243","231","231","231","28.396803970223324","28.396803970223324","28.396803970223324","231","231","231","23.45324565756824","23.45324565756824","23.45324565756824","231","231","231","30.23134987593052","30.23134987593052","30.23134987593052","231","231","231"
"167","27.19601488833747","27.19601488833747","27.19601488833747","232","232","232","37.03022332506203","37.03022332506203","37.03022332506203","232","232","232","25.779990074441688","25.779990074441688","25.779990074441688","232","232","232","23.886655086848634","23.886655086848634","23.886655086848634","232","232","232","31.735032258064514","31.735032258064514","31.735032258064514","232","232","232"
"168","23.272972704714636","23.272972704714636","23.272972704714636","233","233","233","32.9398858560794","32.9398858560794","32.9398858560794","233","233","233","28.401399503722082","28.401399503722082","28.401399503722082","233","233","233","22.646129032258063","22.646129032258063","22.646129032258063","233","233","233","30.59874441687345","30.59874441687345","30.59874441687345","233","233","233"
"169","24.073320099255582","24.073320099255582","24.073320099255582","234","234","234","41.537136476426795","41.537136476426795","41.537136476426795","234","234","234","29.569732009925556","29.569732009925556","29.569732009925556","234","234","234","23.265533498759304","23.265533498759304","23.265533498759304","234","234","234","31.17585607940447","31.17585607940447","31.17585607940447","234","234","234"
"170","23.612724565756825","23.612724565756825","23.612724565756825","235","235","235","35.56000496277916","35.56000496277916","35.56000496277916","235","235","235","31.67159801488834","31.67159801488834","31.67159801488834","235","235","235","23.495265508684867","23.495265508684867","23.495265508684867","235","235","235","30.114133995037218","30.114133995037218","30.114133995037218","235","235","235"
"171","24.762074441687346","24.762074441687346","24.762074441687346","238","238","238","34.923156327543424","34.923156327543424","34.923156327543424","238","238","238","27.364158808933002","27.364158808933002","27.364158808933002","238","238","238","23.429176178660047","23.429176178660047","23.429176178660047","238","238","238","31.780977667493797","31.780977667493797","31.780977667493797","238","238","238"
"172","23.55619851116625","23.55619851116625","23.55619851116625","239","239","239","38.65234739454094","38.65234739454094","38.65234739454094","239","239","239","28.149384615384612","28.149384615384612","28.149384615384612","239","239","239","24.162560794044666","24.162560794044666","24.162560794044666","239","239","239","32.495439205955336","32.495439205955336","32.495439205955336","239","239","239"
"173","24.07144913151365","24.07144913151365","24.07144913151365","240","240","240","33.35199007444169","33.35199007444169","33.35199007444169","240","240","240","30.8625905707196","30.8625905707196","30.8625905707196","240","240","240","23.37245657568238","23.37245657568238","23.37245657568238","240","240","240","28.49014888337469","28.49014888337469","28.49014888337469","240","240","240"
"174","23.6918064516129","23.6918064516129","23.6918064516129","241","241","241","41.799900744416874","41.799900744416874","41.799900744416874","241","241","241","28.21066004962779","28.21066004962779","28.21066004962779","241","241","241","24.641151364764266","24.641151364764266","24.641151364764266","241","241","241","31.58602977667494","31.58602977667494","31.58602977667494","241","241","241"
"175","22.94947394540943","22.94947394540943","22.94947394540943","242","242","242","31.535464019851116","31.535464019851116","31.535464019851116","242","242","242","26.72876923076923","26.72876923076923","26.72876923076923","242","242","242","24.014272952853595","24.014272952853595","24.014272952853595","242","242","242","32.74357816377171","32.74357816377171","32.74357816377171","242","242","242"
"176","23.590665012406948","23.590665012406948","23.590665012406948","245","245","245","33.482024813895784","33.482024813895784","33.482024813895784","245","245","245","53.11162779156327","53.11162779156327","53.11162779156327","245","245","245","24.82482878411911","24.82482878411911","24.82482878411911","245","245","245","31.172436724565756","31.172436724565756","31.172436724565756","245","245","245"
"177","23.36457568238213","23.36457568238213","23.36457568238213","246","246","246","33.538660049627794","33.538660049627794","33.538660049627794","246","246","246","31.45583622828784","31.45583622828784","31.45583622828784","246","246","246","23.746431761786603","23.746431761786603","23.746431761786603","246","246","246","29.57423325062035","29.57423325062035","29.57423325062035","246","246","246"
"178","22.743652605459058","22.743652605459058","22.743652605459058","247","247","247","32.510114143920596","32.510114143920596","32.510114143920596","247","247","247","33.02315136476427","33.02315136476427","33.02315136476427","247","247","247","23.91692307692308","23.91692307692308","23.91692307692308","247","247","247","30.301111662531017","30.301111662531017","30.301111662531017","247","247","247"
"179","23.617781637717123","23.617781637717123","23.617781637717123","248","248","248","35.98049627791564","35.98049627791564","35.98049627791564","248","248","248","26.536129032258064","26.536129032258064","26.536129032258064","248","248","248","23.507727047146403","23.507727047146403","23.507727047146403","248","248","248","31.567895781637716","31.567895781637716","31.567895781637716","248","248","248"
"180","23.653632754342432","23.653632754342432","23.653632754342432","249","249","249","33.00896277915633","33.00896277915633","33.00896277915633","249","249","249","41.527756823821335","41.527756823821335","41.527756823821335","249","249","249","23.585076923076922","23.585076923076922","23.585076923076922","249","249","249","30.75046153846154","30.75046153846154","30.75046153846154","249","249","249"
"181","24.05461042183623","24.05461042183623","24.05461042183623","252","252","252","40.083657568238216","40.083657568238216","40.083657568238216","252","252","252","34.56984615384616","34.56984615384616","34.56984615384616","252","252","252","23.230466501240695","23.230466501240695","23.230466501240695","252","252","252","31.436099255583127","31.436099255583127","31.436099255583127","252","252","252"
"182","22.852084367245656","22.852084367245656","22.852084367245656","253","253","253","33.60453598014888","33.60453598014888","33.60453598014888","253","253","253","27.81774193548387","27.81774193548387","27.81774193548387","253","253","253","23.75788089330025","23.75788089330025","23.75788089330025","253","253","253","28.28461042183623","28.28461042183623","28.28461042183623","253","253","253"
"183","23.18428784119107","23.18428784119107","23.18428784119107","254","254","254","36.256466501240695","36.256466501240695","36.256466501240695","254","254","254","28.899543424317613","28.899543424317613","28.899543424317613","254","254","254","23.23916129032258","23.23916129032258","23.23916129032258","254","254","254","24.72853101736973","24.72853101736973","24.72853101736973","254","254","254"
"184","23.23293300248139","23.23293300248139","23.23293300248139","255","255","255","33.10061042183623","33.10061042183623","33.10061042183623","255","255","255","42.07825310173697","42.07825310173697","42.07825310173697","255","255","255","23.71204962779156","23.71204962779156","23.71204962779156","255","255","255","31.052719602977668","31.052719602977668","31.052719602977668","255","255","255"
"185","22.51953846153846","22.51953846153846","22.51953846153846","256","256","256","34.169677419354834","34.169677419354834","34.169677419354834","256","256","256","32.20760794044665","32.20760794044665","32.20760794044665","256","256","256","23.29937965260546","23.29937965260546","23.29937965260546","256","256","256","29.798615384615385","29.798615384615385","29.798615384615385","256","256","256"
"186","23.963334987593054","23.963334987593054","23.963334987593054","259","259","259","73.64318610421837","73.64318610421837","73.64318610421837","259","259","259","28.58093300248139","28.58093300248139","28.58093300248139","259","259","259","24.151121588089328","24.151121588089328","24.151121588089328","259","259","259","29.789736972704713","29.789736972704713","29.789736972704713","259","259","259"
"187","24.4249776674938","24.4249776674938","24.4249776674938","260","260","260","32.45056575682382","32.45056575682382","32.45056575682382","260","260","260","28.752575682382137","28.752575682382137","28.752575682382137","260","260","260","23.96536476426799","23.96536476426799","23.96536476426799","260","260","260","28.083598014888334","28.083598014888334","28.083598014888334","260","260","260"
"188","23.24949875930521","23.24949875930521","23.24949875930521","261","261","261","31.81702729528536","31.81702729528536","31.81702729528536","261","261","261","32.14305707196029","32.14305707196029","32.14305707196029","261","261","261","24.723171215880896","24.723171215880896","24.723171215880896","261","261","261","29.05871464019851","29.05871464019851","29.05871464019851","261","261","261"
"189","23.408044665012408","23.408044665012408","23.408044665012408","262","262","262","31.13047146401985","31.13047146401985","31.13047146401985","262","262","262","32.719861042183624","32.719861042183624","32.719861042183624","262","262","262","24.275503722084366","24.275503722084366","24.275503722084366","262","262","262","28.15407444168735","28.15407444168735","28.15407444168735","262","262","262"
"190","24.009796526054593","24.009796526054593","24.009796526054593","263","263","263","34.32863027295286","34.32863027295286","34.32863027295286","263","263","263","34.52067493796526","34.52067493796526","34.52067493796526","263","263","263","22.75887841191067","22.75887841191067","22.75887841191067","263","263","263","27.003399503722083","27.003399503722083","27.003399503722083","263","263","263"
"191","24.015320099255582","24.015320099255582","24.015320099255582","266","266","266","31.12607444168734","31.12607444168734","31.12607444168734","266","266","266","34.43692307692308","34.43692307692308","34.43692307692308","266","266","266","22.683588089330026","22.683588089330026","22.683588089330026","266","266","266","30.830019851116628","30.830019851116628","30.830019851116628","266","266","266"
"192","23.488451612903223","23.488451612903223","23.488451612903223","267","267","267","45.95635235732009","45.95635235732009","45.95635235732009","267","267","267","29.754193548387097","29.754193548387097","29.754193548387097","267","267","267","23.710143920595534","23.710143920595534","23.710143920595534","267","267","267","28.00993548387097","28.00993548387097","28.00993548387097","267","267","267"
"193","22.970183622828785","22.970183622828785","22.970183622828785","268","268","268","34.672719602977665","34.672719602977665","34.672719602977665","268","268","268","36.28622828784119","36.28622828784119","36.28622828784119","268","268","268","23.14097270471464","23.14097270471464","23.14097270471464","268","268","268","30.289334987593055","30.289334987593055","30.289334987593055","268","268","268"
"194","24.14978163771712","24.14978163771712","24.14978163771712","269","269","269","32.5047047146402","32.5047047146402","32.5047047146402","269","269","269","31.607503722084367","31.607503722084367","31.607503722084367","269","269","269","23.7002382133995","23.7002382133995","23.7002382133995","269","269","269","68.68662034739455","68.68662034739455","68.68662034739455","269","269","269"
"195","23.82334987593052","23.82334987593052","23.82334987593052","270","270","270","31.784535980148885","31.784535980148885","31.784535980148885","270","270","270","43.52443672456576","43.52443672456576","43.52443672456576","270","270","270","23.543141439205957","23.543141439205957","23.543141439205957","270","270","270","71.74091315136477","71.74091315136477","71.74091315136477","270","270","270"
"196","23.48339454094293","23.48339454094293","23.48339454094293","273","273","273","33.19609429280397","33.19609429280397","33.19609429280397","273","273","273","38.20138957816376","38.20138957816376","38.20138957816376","273","273","273","24.882238213399503","24.882238213399503","24.882238213399503","273","273","273","28.511344913151365","28.511344913151365","28.511344913151365","273","273","273"
"197","23.975354838709677","23.975354838709677","23.975354838709677","274","274","274","32.43625310173697","32.43625310173697","32.43625310173697","274","274","274","34.967399503722085","34.967399503722085","34.967399503722085","274","274","274","23.096367245657568","23.096367245657568","23.096367245657568","274","274","274","30.158084367245653","30.158084367245653","30.158084367245653","274","274","274"
"198","22.838992555831265","22.838992555831265","22.838992555831265","275","275","275","29.362476426799006","29.362476426799006","29.362476426799006","275","275","275","37.7900347394541","37.7900347394541","37.7900347394541","275","275","275","23.06783622828784","23.06783622828784","23.06783622828784","275","275","275","30.110074441687342","30.110074441687342","30.110074441687342","275","275","275"
"199","23.638327543424314","23.638327543424314","23.638327543424314","276","276","276","31.573915632754343","31.573915632754343","31.573915632754343","276","276","276","38.71318610421836","38.71318610421836","38.71318610421836","276","276","276","22.585196029776675","22.585196029776675","22.585196029776675","276","276","276","29.035781637717125","29.035781637717125","29.035781637717125","276","276","276"
"200","24.79260545905707","24.79260545905707","24.79260545905707","277","277","277","31.68189578163772","31.68189578163772","31.68189578163772","277","277","277","37.46067990074441","37.46067990074441","37.46067990074441","277","277","277","23.219732009925558","23.219732009925558","23.219732009925558","277","277","277","28.44066004962779","28.44066004962779","28.44066004962779","277","277","277"